Run_ID,2-hydroxyglutarate,lactate,glutamine,asparagine,aspartate,tryptophan,methionine
2313287_STOMACH,5.7074517,5.7892871,5.5701621,6.7760297,6.4302501,6.0974746,6.1566503
769P_KIDNEY,6.64052,5.2867288,5.6411338,5.954402,5.5237661,5.3231693,5.3488234
786O_KIDNEY,6.7913029,6.1586594,5.5451061,6.0106185,5.6852268,5.6644286,5.7766603
A101D_SKIN,5.8642557,6.0898066,5.6577501,4.9449126,5.7039661,6.0208901,5.8507948
A2058_SKIN,6.1961534,5.9546169,6.1059077,4.4445043,5.6244351,6.2318091,6.0661131
A253_SALIVARY_GLAND,5.8920699,6.1367271,5.6376367,6.2706719,5.7613851,5.5076481,5.9592727
A375_SKIN,5.8086613,5.9889097,6.4727726,4.7618979,5.5518346,6.6463659,6.4627429
A498_KIDNEY,6.6828958,5.684205,5.4226848,5.2823341,5.5850459,5.7803988,5.5466125
A549_LUNG,5.5577314,5.8444717,4.4040613,5.9079583,5.6377306,5.8783811,3.8479607
ACHN_KIDNEY,5.7280449,6.0212216,4.0301856,4.0413256,4.7228061,6.4126002,6.2013676
AGS_STOMACH,5.9587962,5.8021899,6.1463725,5.9556715,6.1970608,5.7927853,5.47069
ASPC1_PANCREAS,5.6227455,5.7149279,6.066078,6.129716,6.5450295,5.8647817,5.9538328
AU565_BREAST,6.3397036,5.8289133,6.068695,6.2321962,5.8800518,5.8884165,5.919311
BFTC909_KIDNEY,6.0493705,6.1956427,5.3164229,4.525646,5.3353027,6.0024321,5.937771
BHY_UPPER_AERODIGESTIVE_TRACT,5.8244537,6.0893543,6.1050769,5.3315606,5.7434279,6.2813366,6.1487802
BICR16_UPPER_AERODIGESTIVE_TRACT,5.7392894,5.9639915,6.2023523,5.3659733,5.353185,6.2550006,6.1929981
BICR18_UPPER_AERODIGESTIVE_TRACT,5.5890569,5.6621906,6.3280599,4.7068767,5.6918127,6.5324365,6.3857527
BICR22_UPPER_AERODIGESTIVE_TRACT,5.8984092,5.978678,6.1606431,4.9507452,5.3415509,6.2457389,6.1590262
BICR31_UPPER_AERODIGESTIVE_TRACT,5.6164578,6.0750246,6.1544198,5.028765,5.8755278,6.2414717,6.2219377
BICR56_UPPER_AERODIGESTIVE_TRACT,5.8049652,5.970884,6.375138,4.5163933,5.5176633,6.2345068,6.1506384
BICR6_UPPER_AERODIGESTIVE_TRACT,5.6602489,6.0246606,6.2377911,5.318457,5.5030365,6.3445082,6.0938088
BT20_BREAST,6.3127963,6.0721187,5.8968891,5.6815388,5.953665,6.2407495,5.8944341
BT474_BREAST,5.5612695,5.6868433,6.3248504,5.1647205,5.8689394,6.3339122,6.2091183
BT549_BREAST,5.6824698,5.8018518,6.1889163,6.1781866,5.9862179,6.0300161,6.0567632
BXPC3_PANCREAS,5.5506277,6.0264991,6.2095454,6.3820056,6.2825417,5.9176984,6.0501768
C2BBE1_LARGE_INTESTINE,5.7911838,6.0955079,6.2059092,4.8758652,5.2672897,6.2568868,6.1985064
C32_SKIN,6.2204629,5.9170642,4.2344276,4.4316262,4.6014869,6.1667876,6.1163451
CAKI1_KIDNEY,6.3307839,5.926398,5.1391887,5.9929928,5.9335338,5.6753066,5.8416447
CAKI2_KIDNEY,5.8500381,6.0247116,4.9323357,6.1909472,5.735982,5.9080283,6.1290816
CAL120_BREAST,5.8513155,5.8733574,6.112035,4.9728443,5.7651122,6.2822259,6.1295737
CAL148_BREAST,5.5331479,5.0285972,5.7448232,4.7141749,6.0838373,5.7035701,5.4414958
CAL27_UPPER_AERODIGESTIVE_TRACT,5.6570424,6.0587898,6.233618,5.0449138,6.1666086,6.3048852,6.2152763
CAL33_UPPER_AERODIGESTIVE_TRACT,5.6069737,5.9982071,6.4623299,4.8051012,5.8046603,6.2941993,6.117349
CAL51_BREAST,5.7167839,5.8398152,6.1293616,4.7894225,5.811906,6.1166837,6.1028718
CAL54_KIDNEY,5.7393678,5.9498404,6.3690181,4.8904067,5.9331927,6.2777414,6.093037
CAL851_BREAST,5.6134246,5.8707598,6.0787519,4.9000348,6.2500333,6.0558856,5.9815023
CALU1_LUNG,5.6188502,5.7765873,5.8075384,6.1242428,5.8785359,5.8702831,5.9383411
CALU3_LUNG,5.3580778,5.7170693,5.2538283,4.923542,5.2562988,5.6449058,5.1358844
CALU6_LUNG,5.7116706,6.0495141,5.8491601,5.7787463,6.3582324,6.1746065,6.0723711
CAMA1_BREAST,5.523334,5.7804211,5.9900318,5.5382434,5.8837809,6.1029904,5.6872081
CAOV3_OVARY,6.243041,5.970026,6.184949,5.2804404,5.6799299,6.3342886,6.2044471
CAPAN1_PANCREAS,5.7465281,5.5617297,5.3927769,5.4430632,5.8300527,5.4715865,5.1801294
CAPAN2_PANCREAS,5.7117021,5.8869998,5.7127552,6.0711314,6.0568264,5.743724,5.9500756
CCK81_LARGE_INTESTINE,5.7125693,5.7926102,4.1994497,4.391337,5.053591,6.1164741,6.1846391
CFPAC1_PANCREAS,5.4411806,5.7877138,5.7027134,5.1497823,5.5458965,5.7302609,5.5248071
CJM_SKIN,5.500463,5.7804677,6.0540963,5.9644652,5.9983787,5.4093179,5.723431
CL11_LARGE_INTESTINE,5.4810963,5.973257,5.3768035,5.0723382,6.2909596,5.5732814,5.3816414
COLO201_LARGE_INTESTINE,5.6100224,5.7873342,5.5044921,6.3350505,6.2149426,5.5899456,5.6149677
COLO320_LARGE_INTESTINE,6.3636088,5.9059022,4.8380545,5.8538621,5.3465894,4.9767218,3.9868717
COLO678_LARGE_INTESTINE,5.6998815,5.7598914,6.15262,6.142051,5.972636,6.0358894,6.0988024
COLO680N_OESOPHAGUS,5.9322737,6.1180524,5.9536876,6.3608351,5.9347205,5.8203885,5.9289018
COLO792_SKIN,5.8810013,5.6499074,6.1945487,6.136849,6.0012195,5.9373223,5.9389361
COLO800_SKIN,6.0015304,6.1189853,5.4019698,6.1679233,6.1727834,5.507649,5.767501
COLO829_SKIN,5.8897245,6.0290218,5.8502127,5.9016858,5.8933017,5.6738288,5.746365
CORL105_LUNG,7.7526789,5.9250123,5.8094795,6.2445765,6.2267214,6.3222068,6.3320536
COV362_OVARY,5.8839763,6.1342754,6.1162208,5.2431507,5.4944749,6.34021,6.2206414
COV434_OVARY,5.372199,5.677671,6.3469629,5.3121371,6.1915122,6.3100432,6.2344795
COV644_OVARY,5.7294885,5.8241302,6.3315652,5.645606,6.6248531,6.4395566,6.2065723
CW2_LARGE_INTESTINE,5.5023484,5.115833,4.8147685,5.4957764,5.7627254,5.2627107,4.9620471
DANG_PANCREAS,5.8585578,6.0215444,5.7170719,6.3787661,6.2775436,5.8553588,5.8930895
DETROIT562_UPPER_AERODIGESTIVE_TRACT,5.7862546,5.9413231,6.1128182,5.67005,5.5930724,6.1853986,5.7982519
DU4475_BREAST,5.4759122,5.2816933,5.5390934,5.8307376,6.3722076,5.5732462,5.4307798
DV90_LUNG,5.9276937,5.9293203,5.8665214,6.3744812,6.181972,5.6936199,5.7194906
EBC1_LUNG,5.8529855,5.76188,5.9876457,5.242156,5.5749842,6.1433478,5.923459
ECC10_STOMACH,5.6873608,5.8372771,5.819739,6.0508729,5.854924,5.9191664,5.9074614
ECC12_STOMACH,5.626508,5.7218289,6.2505511,6.3784032,6.198654,5.9488711,6.0264621
ECGI10_OESOPHAGUS,5.7699996,5.9194962,5.5378549,6.2315025,6.1110965,5.9451153,5.3095865
EFO21_OVARY,6.2491647,5.7048944,6.1526419,6.1289738,6.4042586,5.0573249,5.7702285
EFO27_OVARY,6.3319036,6.1632696,5.8551842,6.0683612,5.806309,4.3055236,5.7269166
EKVX_LUNG,6.0178752,5.8895974,5.9255947,6.182623,6.024447,5.7903471,5.8512383
EPLC272H_LUNG,6.3659314,5.9997822,5.5774782,5.9649392,5.5546303,5.5123949,5.6266686
ES2_OVARY,6.0872452,6.0932309,5.2721335,6.1458589,5.6199478,5.4360424,5.7025941
FADU_UPPER_AERODIGESTIVE_TRACT,5.4192725,5.9304695,6.156779,5.8739676,6.5013634,6.1600179,5.8126181
FU97_STOMACH,6.1062172,5.8362943,6.3153152,5.6317542,6.1055316,6.2299342,6.0900758
FUOV1_OVARY,6.0490055,5.7522814,6.0750251,5.3961411,5.7866078,6.1951841,6.1095354
G361_SKIN,5.7606558,5.9860872,5.7343899,6.1671021,6.0608156,5.786793,5.9529392
GP2D_LARGE_INTESTINE,5.7432086,5.8363215,5.9754656,5.2184763,6.1793973,5.8989551,5.7347119
GSS_STOMACH,5.8321894,5.6774964,4.3971985,6.0097177,5.8267717,5.6989499,5.5182332
GSU_STOMACH,5.7471583,5.8966809,5.6895309,6.0977205,5.7161971,5.4587514,5.579253
HARA_LUNG,5.5332122,6.0630001,4.3494897,6.3199764,5.9984066,6.1297891,6.1833476
HCC1143_BREAST,5.78839,5.9588522,6.1754973,6.3931847,6.2415044,6.1290644,6.2059962
HCC1195_LUNG,6.0715381,6.0799963,5.7616605,6.0632952,5.9958334,5.688815,5.7849666
HCC1395_BREAST,5.7747938,5.6454829,5.8456908,6.0774207,6.0388741,5.6845092,5.7849689
HCC1419_BREAST,6.0178172,5.6953076,5.9843097,6.134415,6.1286453,5.8158249,5.8604977
HCC1428_BREAST,5.8005702,5.9526142,6.0105802,5.9396608,5.5046847,5.7118308,5.734006
HCC15_LUNG,6.0641189,6.0493568,5.9680516,5.9863525,6.0503415,6.0593047,6.0073984
HCC1500_BREAST,5.8805942,5.5895404,5.8457357,6.0577503,5.7600043,5.5817592,5.6622468
HCC1588_LUNG,5.3752385,5.4735648,6.0623982,6.0730562,6.081596,5.8892534,5.9115811
HCC1806_BREAST,5.9533061,6.1888266,5.6239057,6.2956731,5.9754801,6.0203105,6.0952712
HCC1833_LUNG,5.1949982,5.4214783,5.2635355,6.3681846,6.3448781,5.8563693,5.8200929
HCC1937_BREAST,5.8414762,6.6315858,6.102046,5.8416824,5.348522,6.5452726,6.1257023
HCC1954_BREAST,6.3660214,5.9824393,5.8210825,5.9769308,5.6018438,5.4120265,5.6196302
HCC202_BREAST,5.4640949,5.9031304,6.1789605,6.3242953,6.0940609,5.946571,6.0979377
HCC2108_LUNG,6.0162468,5.3535375,5.3221106,6.0906387,5.7567958,5.6132396,5.4334121
HCC2218_BREAST,5.811304,5.9177847,5.8839763,5.8154442,5.727945,5.5554529,5.2299649
HCC2279_LUNG,5.6005307,5.867646,5.8847985,6.1337634,6.2006922,5.8261646,5.9116306
HCC366_LUNG,6.1578895,5.7868279,5.9765227,5.8891528,5.7883006,5.923726,5.9733512
HCC38_BREAST,6.2066037,5.7036279,5.8045218,6.092629,6.0404972,5.8524598,5.8337167
HCC4006_LUNG,6.1097665,5.9219471,5.7871662,6.1892383,5.9521565,5.6646574,5.6289346
HCC44_LUNG,5.6726874,6.2021749,4.7960639,6.2041936,5.8444973,5.9144264,5.7517365
HCC56_LARGE_INTESTINE,5.8863449,5.5941443,5.8589758,6.5097368,6.3725628,5.6007668,5.7749881
HCC78_LUNG,6.5667104,6.1657387,4.8719225,6.1488244,5.5382668,4.7965707,5.9773279
HCC827_LUNG,5.5860927,5.926794,5.8626263,6.0801526,5.9347814,5.8211233,5.9434071
HCC95_LUNG,5.7167949,6.1549167,6.0485337,4.2230248,5.7395609,6.1751651,6.0141071
HCT116_LARGE_INTESTINE,5.743212,5.9684364,4.8047813,6.3489323,5.5540159,5.0242638,5.6743474
HCT15_LARGE_INTESTINE,7.2604233,6.1348349,4.5539632,6.5511482,5.7377855,5.64037,5.323623
HDQP1_BREAST,5.7980074,5.9980995,6.1271318,5.2885277,5.4879569,6.2325618,5.9991709
HEP3B217_LIVER,5.9108166,5.8293681,5.9281909,5.7057614,6.2950822,5.9379047,5.6481641
HEPG2_LIVER,6.1915951,5.703234,5.817534,5.3858662,5.7351076,5.9301527,5.6961
HEYA8_OVARY,5.6005856,6.0492283,4.8917626,6.039715,5.5004279,6.5409346,6.3275117
HGC27_STOMACH,6.1054488,5.8411456,6.4204654,6.0280489,5.923755,6.0865779,5.4831326
HLF_LIVER,5.990479,6.013756,6.4335075,5.0587158,5.5750726,6.2505246,6.2978405
HMC18_BREAST,5.6098831,5.6449091,4.8238593,5.0784204,5.6124605,4.8419851,4.4379505
HMCB_SKIN,5.6306097,5.9340072,4.7805569,5.7637022,5.5248326,6.3456384,6.0793526
HOP62_LUNG,5.7947609,6.1009822,5.7429845,6.4047612,6.1029871,5.8383958,5.9593344
HPAC_PANCREAS,5.7811253,6.0833421,6.4377723,5.2075086,5.3743026,5.8869069,5.9199033
HPAFII_PANCREAS,5.9580329,6.1717725,5.4763618,5.6627725,6.0251518,6.1364512,5.8649638
HS294T_SKIN,6.0885579,6.0917862,6.0916249,5.0474235,5.8714566,6.2456924,6.1672964
HS578T_BREAST,5.8697555,5.9864954,6.1743803,4.6965446,5.2727725,6.318126,6.153095
HS688AT_FIBROBLAST,5.8169978,5.9407194,6.3021572,5.2507982,6.064387,6.3121806,6.2955479
HS746T_STOMACH,6.0791621,5.8881491,6.0910401,5.0857842,5.4679361,6.1932913,6.1915335
HS766T_PANCREAS,5.664694,5.8617623,6.2225005,4.8813211,5.9611262,6.1722372,6.105322
HS839T_FIBROBLAST,5.8544033,5.7468851,6.3214924,5.3427096,5.5856799,6.3001342,6.2829377
HS852T_SKIN,5.9392554,5.9369282,6.1494176,4.9427077,5.7703798,6.463592,6.0980319
HS934T_FIBROBLAST,5.7759955,5.7124641,6.2788565,4.8994901,5.5031261,6.2305814,6.2240052
HS936T_SKIN,5.7927354,6.2961928,5.9996425,4.4993617,5.4702176,6.3603227,6.2046793
HS944T_SKIN,5.629111,5.7876827,5.8112116,6.2575573,5.6813521,5.8079056,5.8946472
HSC2_UPPER_AERODIGESTIVE_TRACT,5.6648534,5.8346641,4.8665687,6.0930343,6.0097427,6.5461617,6.1454583
HSC4_UPPER_AERODIGESTIVE_TRACT,5.990414,6.0379862,5.4722093,4.8143048,5.4550428,6.4397302,6.1589189
HT144_SKIN,6.2720771,5.9895595,5.5289303,6.0619363,5.9008893,5.6703314,5.799025
HT29_LARGE_INTESTINE,5.8511107,5.7342786,5.2743895,6.013221,5.8533483,5.4581984,5.7182266
HT55_LARGE_INTESTINE,5.5769654,5.7353518,6.3053003,5.7329812,6.417993,6.1498455,5.7782453
HUG1N_STOMACH,5.6075704,5.6884412,5.7424376,5.9342812,5.9451059,5.3875754,5.2234848
HUH1_LIVER,5.992085,5.8429365,6.1968597,4.7566527,5.5693908,6.2567838,6.1964848
HUH6_LIVER,5.8989013,5.5127639,5.8497152,5.0409877,6.0202066,6.151887,6.0485795
HUPT3_PANCREAS,5.6174513,5.9017789,5.8457134,5.5479723,6.0778399,5.9986347,5.8270929
HUPT4_PANCREAS,5.7249168,5.8312342,6.0874975,4.8593379,5.0698699,6.2556797,6.0354404
IGR1_SKIN,5.8012059,6.1058917,5.9337162,4.5857659,6.2824925,6.1651642,6.0509614
IGR37_SKIN,5.9800478,6.0878409,4.8909796,4.2576753,5.5649005,6.059765,5.8163181
IGR39_SKIN,5.6794291,5.7766261,6.279107,4.6918217,5.8346069,6.2845073,6.1628602
IGROV1_OVARY,6.4793719,6.1395742,5.5422127,5.8693395,5.9595163,5.6767063,5.6183801
IM95_STOMACH,5.7191371,5.754714,6.2514848,5.3650374,5.7822265,6.3368791,6.2791437
IPC298_SKIN,6.1094964,5.9431969,5.8575103,6.2013991,5.9583729,5.7735417,5.8361425
JHH1_LIVER,5.4522373,5.7834276,4.9066663,5.6433741,5.749634,6.0970629,5.8839784
JHH2_LIVER,5.7860173,5.5737161,5.8546059,5.4893141,5.8340931,6.1064663,5.82736
JHH4_LIVER,5.4313782,5.7124587,6.0973729,6.2341443,6.4097491,6.0316664,6.3787532
JHH5_LIVER,5.843707,5.5768104,4.5187949,5.5749807,5.6627889,5.8287313,5.3290428
JHH6_LIVER,5.601974,5.8696513,3.7125384,6.0376372,5.9691018,6.4661317,6.1614888
JHOC5_OVARY,5.7848135,5.8055881,5.8865713,4.7961842,5.8224633,5.9492168,5.8810976
JHOM1_OVARY,5.9101176,6.06033,5.5258806,4.6359284,5.1688369,5.870787,5.6733376
JHOS2_OVARY,5.8226441,5.7962869,6.1720011,5.6746667,5.9256208,6.1744999,6.1674373
JIMT1_BREAST,6.5779734,6.2177076,5.8040944,4.6654415,5.7279834,6.3450487,6.2128458
K029AX_SKIN,6.617088,5.8181846,5.8568323,5.9152133,5.8839763,5.8284638,5.6060051
KATOIII_STOMACH,5.0690281,5.7883794,5.0496138,5.5705482,5.5470149,5.7504907,5.51952
KE39_STOMACH,5.7059738,5.7424946,6.0270138,6.1189992,5.9275333,6.0650302,5.8231097
KM12_LARGE_INTESTINE,5.8255967,6.1684454,5.1674506,4.531929,5.8561597,6.3233614,6.208037
KMRC1_KIDNEY,6.3095814,6.1157297,6.0535502,4.8180624,5.4991714,6.1954891,6.1667888
KMRC2_KIDNEY,6.5957923,5.7988082,6.0499789,4.6997255,5.3383826,6.1585773,6.0532016
KMRC20_KIDNEY,6.3209378,6.2334135,5.869184,4.9424141,5.2399184,6.1266902,6.1274047
KMRC3_KIDNEY,6.2124181,6.0686292,6.1134846,5.2205146,5.9612046,6.1544726,6.0146958
KNS62_LUNG,5.6847523,6.0221916,6.1253417,5.5283649,6.0339647,6.1784192,5.9083751
KP2_PANCREAS,5.9332416,6.1498036,6.1677516,6.0535354,5.6934055,5.8543185,5.9583906
KP4_PANCREAS,5.7032324,5.9773627,4.5503786,6.0678031,5.3979582,6.2799944,6.0637821
KPL1_BREAST,5.8107356,6.0459101,6.1777635,5.6063188,6.3167835,6.2823516,6.08321
KYSE140_OESOPHAGUS,5.4691638,5.5806132,5.9754217,6.2759947,6.6114696,5.9870144,5.9511857
KYSE150_OESOPHAGUS,6.0575846,5.9348926,5.6605563,6.1658076,5.8467443,5.5277619,5.5749375
KYSE180_OESOPHAGUS,6.1018337,6.280848,5.6922685,6.1353097,5.6830348,5.6653134,5.6785687
KYSE30_OESOPHAGUS,6.4722711,5.855845,5.5456125,6.1160605,5.7339642,5.5193119,5.5931425
KYSE410_OESOPHAGUS,5.7217821,5.9653846,5.7706137,6.2407957,6.0470897,5.7589657,5.8097153
KYSE450_OESOPHAGUS,5.9525639,5.9643361,5.8511967,6.2446502,5.6136693,5.378233,4.4008893
KYSE510_OESOPHAGUS,5.8062014,6.0903492,5.5550243,6.4688028,6.299786,5.678027,5.9433634
KYSE520_OESOPHAGUS,5.6933776,6.0108946,5.8796872,6.15848,5.8439492,5.8941628,5.9386074
KYSE70_OESOPHAGUS,5.7732717,5.9072906,5.9402851,6.2956998,5.7647173,5.8878366,5.863904
L33_PANCREAS,5.5095928,6.0784245,6.1341878,6.5094511,6.2478361,5.9857059,5.9229907
LI7_LIVER,6.2517432,5.874723,4.494313,6.1718799,5.448005,5.4889057,5.5042423
LK2_LUNG,6.460053,5.8590973,5.9630983,6.2543968,5.9495995,5.6480595,5.6914909
LMSU_STOMACH,6.5429409,5.8892344,5.6901966,5.6859384,5.4793489,4.9651702,5.1832419
LOUNH91_LUNG,6.1892152,6.1965742,5.7387008,5.9771222,5.7558342,5.7968102,5.7200653
LOVO_LARGE_INTESTINE,5.7418813,5.7513763,5.5917924,5.9390645,6.0706554,5.5821029,5.2475169
LOXIMVI_SKIN,6.4633565,6.1213251,5.7950765,6.2361718,5.8881684,5.5735738,5.6460469
LS1034_LARGE_INTESTINE,5.8570684,5.4924141,5.5891828,6.0726535,6.2434348,5.7808826,5.7768815
LS123_LARGE_INTESTINE,5.8313579,5.7756175,5.9892677,5.7375603,6.2970441,6.1510491,5.9459963
LS180_LARGE_INTESTINE,5.3138556,5.6076588,4.5935536,4.7607455,5.9194888,6.1131134,5.3038423
LS411N_LARGE_INTESTINE,5.7183784,6.0120316,4.3787293,6.622684,5.5719569,5.369234,5.5794656
LS513_LARGE_INTESTINE,5.5972509,5.3613344,6.0270995,6.1959515,6.3425557,5.8641235,6.0518863
LUDLU1_LUNG,5.6751668,5.9826846,5.7882349,6.1902506,5.9478524,5.9323625,5.922254
LXF289_LUNG,5.9171056,6.0128806,6.133493,5.9210157,5.8445514,4.7398727,4.9582012
MALME3M_SKIN,5.4577676,5.7690386,6.0421552,5.4425281,5.8658232,6.0479572,5.9718383
MCAS_OVARY,6.2789757,6.2436654,6.0119025,6.1590554,5.7592486,5.9234856,5.9595886
MCF7_BREAST,5.4883922,5.8605426,6.2101545,5.859017,6.2535606,6.2059312,6.0508889
MDAMB157_BREAST,6.4385999,5.5445625,5.8980952,6.0637779,6.1232229,5.745143,5.7862753
MDAMB231_BREAST,6.1017016,5.9419258,5.9101064,6.0814739,5.8058832,5.6620907,5.7385233
MDAMB361_BREAST,5.6225227,5.6305866,5.7842788,5.8745236,5.7881116,5.8285818,5.6748211
MDAMB435S_SKIN,5.8839763,5.9324492,5.8474429,6.0951446,5.8963672,5.5194044,5.7054987
MDAMB453_BREAST,6.4019984,5.4620707,6.2310834,6.206278,6.0640179,5.8641576,5.9357915
MDAMB468_BREAST,6.020321,5.7777581,6.1309971,4.576656,5.0820502,6.0664117,6.0131285
MDST8_LARGE_INTESTINE,5.8964925,6.0044043,6.2367727,4.5839402,5.6381243,6.1320236,6.1939018
MELHO_SKIN,5.7891472,6.1402554,6.040071,6.2537828,6.2295537,5.8704568,5.9571313
MELJUSO_SKIN,6.1183609,5.7799891,5.8956498,6.1218036,5.7484704,5.7940492,5.7585105
MEWO_SKIN,5.9996559,5.8005182,6.004956,5.7882667,6.1390607,6.3192701,5.9045569
MIAPACA2_PANCREAS,5.594128,6.2256808,5.8125981,5.0718219,5.8007876,6.1362219,5.9313931
MKN1_STOMACH,6.2346755,5.9230253,5.7692771,6.2035056,6.4277143,5.6002076,5.8709631
MKN45_STOMACH,5.512671,5.9947273,4.9884685,6.5292126,5.7905892,5.4466044,4.8599945
MKN7_STOMACH,6.1716115,6.1592851,5.2588194,6.0480959,5.8838549,5.7541179,5.8706977
MKN74_STOMACH,5.8839763,5.8161132,5.7666691,6.0382309,6.3285308,5.9160754,5.9617771
MORCPR_LUNG,6.3661598,6.0354678,6.4136545,6.2629154,5.8165433,5.6665369,5.7802305
NUGC3_STOMACH,6.0199613,5.9505474,5.3302497,6.4248353,5.8991389,5.8184421,5.9113519
NUGC4_STOMACH,5.551138,5.697041,5.7459803,5.9591778,6.218807,5.8018094,5.8067609
OAW28_OVARY,6.0527256,5.8163097,5.9708231,6.1690401,6.0100015,5.8924161,5.9518398
OAW42_OVARY,5.4541686,6.0232672,6.3961393,5.0388609,5.7366232,6.2682782,6.1882502
OC314_OVARY,5.5870396,6.0877156,6.2303248,6.1388365,6.2513953,5.4795327,5.5982977
OCUM1_STOMACH,5.6929874,5.9395338,4.9258893,5.0020975,5.9849556,5.8511546,5.4998825
OE19_OESOPHAGUS,6.1911384,5.9700907,5.5393632,5.9608049,5.6759794,5.3602253,5.5774273
OE21_OESOPHAGUS,5.7991241,5.846592,5.9222951,6.2356534,5.9304881,5.937628,6.0003951
OE33_OESOPHAGUS,6.4193563,6.0886864,5.799295,6.1880381,5.8839763,5.5786448,5.8183872
ONCODG1_OVARY,6.2005833,5.8377064,5.9655569,6.120365,5.889859,5.6518953,5.7006948
OSRC2_KIDNEY,6.8834761,6.1689271,5.751437,5.9719696,5.6951561,5.7550893,5.7328004
OUMS23_LARGE_INTESTINE,6.2051232,6.0054582,6.1840018,5.1373116,6.384765,6.3165548,6.1965117
OV56_OVARY,6.4119556,6.1515183,5.1080526,5.2472286,5.2751375,5.5678888,5.8839763
OV7_OVARY,5.7982167,5.9927497,6.1637776,5.2396832,6.1267369,6.0605296,6.0244871
OV90_OVARY,6.0385776,5.8669325,4.6943289,5.4967207,5.9795462,5.2994424,4.960925
OVCAR4_OVARY,6.5078428,5.8839763,6.0737261,6.2960743,6.0727792,5.7084917,5.941294
OVCAR8_OVARY,6.1705738,6.0837074,6.0888452,6.1764098,5.7547325,5.8171055,5.848831
OVISE_OVARY,5.7877923,5.9190939,4.4317498,6.1602136,5.5565888,6.1762378,5.8048628
OVK18_OVARY,5.8130658,5.8445427,5.9627736,4.9267733,5.1358501,6.0476006,5.8393013
OVSAHO_OVARY,6.5874761,5.7076599,6.1011885,6.100984,5.7721687,5.8576791,5.9381131
OVTOKO_OVARY,6.5008786,6.3340671,4.9942105,5.8033649,5.7195427,5.836479,5.7693601
PANC0203_PANCREAS,5.696982,5.777162,5.9833141,6.0088862,5.9669418,5.8293902,5.8380637
PANC0327_PANCREAS,6.1615003,5.9964042,6.3123701,6.0188379,5.6930149,6.2286694,5.7889187
PANC0403_PANCREAS,5.5722239,5.9750803,5.1518006,6.1349151,5.7147199,5.6872076,5.6440552
PANC0504_PANCREAS,5.5394549,5.8501654,6.0635586,6.3451142,6.0337693,5.6444257,6.0330324
PANC0813_PANCREAS,5.9462317,6.0274945,5.6228953,6.1860382,5.9962207,5.669403,5.817126
PANC1005_PANCREAS,5.4601047,6.226597,5.8798139,6.1209056,5.363055,5.9343434,5.9998861
PATU8902_PANCREAS,5.3361394,5.7887206,6.2754101,5.1488763,5.9097848,6.2097608,6.036403
PATU8988S_PANCREAS,5.3233234,5.4833246,6.4762219,5.2728098,6.269985,6.3047319,6.2130687
PATU8988T_PANCREAS,5.6749925,5.9548766,5.7775515,5.1674152,5.9393297,6.1305092,5.999894
PC14_LUNG,5.7284083,6.0962744,5.5971247,6.1695694,6.3263579,6.1249185,6.1223295
PECAPJ15_UPPER_AERODIGESTIVE_TRACT,5.719571,6.139426,6.2068463,5.7561125,6.0723328,6.2938913,6.1443743
PECAPJ34CLONEC12_UPPER_AERODIGESTIVE_TRACT,5.6456852,6.1738109,6.3980031,5.8270232,6.0084237,6.5660797,6.3089449
PECAPJ41CLONED2_UPPER_AERODIGESTIVE_TRACT,5.5678252,5.9505881,6.4048197,5.8189296,5.9765322,6.4791466,6.3001486
PECAPJ49_UPPER_AERODIGESTIVE_TRACT,5.7971141,5.9618638,6.0758611,5.6952502,5.8123093,6.0190922,6.0418725
PK1_PANCREAS,5.90499,5.9569346,6.0540681,6.2788335,5.9934578,5.9807018,5.9716253
PK45H_PANCREAS,5.4609232,5.7779082,6.1083893,6.1906158,6.4556014,5.8701589,6.0313945
PK59_PANCREAS,5.6771401,5.9086904,6.0755958,6.3974519,6.4496874,5.8615548,5.9692167
PLCPRF5_LIVER,5.852841,5.8871533,5.8693116,5.7471379,5.5990843,6.0698778,5.7082045
PSN1_PANCREAS,6.095528,5.95116,6.3810758,6.2866783,5.9959686,5.7633041,5.8345153
QGP1_PANCREAS,6.0690417,5.7549084,4.9021454,6.5675591,6.1661766,5.8485484,5.8531778
RCC10RGB_KIDNEY,6.5054437,5.9438033,6.164319,4.9020895,5.6460345,6.2318288,6.137426
RCM1_LARGE_INTESTINE,5.6481212,5.9041618,4.1418324,6.3384413,5.7655107,5.7155761,5.510309
RERFLCAD1_LUNG,5.9640467,6.0683112,6.1463283,5.9906624,6.1684692,6.1232228,6.1549347
RERFLCAD2_LUNG,5.7128584,5.9163083,5.8911579,6.0770677,5.9358648,5.9298857,5.8312003
RERFLCAI_LUNG,5.78902,5.5524748,5.9964086,5.1459515,5.2175181,6.040741,5.8719827
RERFLCMS_LUNG,5.7620545,5.7385168,6.1562782,5.8817649,6.2312824,6.2075994,5.9562306
RKO_LARGE_INTESTINE,5.8805569,5.743734,6.0942063,6.1002473,5.9271218,6.1241378,5.8381215
RMGI_OVARY,5.7048142,5.9601135,6.0398396,5.8234023,6.294236,5.9224209,5.5518224
RPMI7951_SKIN,6.1699853,6.0999844,6.0080304,5.5054118,5.9747044,6.0024744,5.7904598
RVH421_SKIN,6.1214169,5.8850299,4.7651525,6.4467115,5.9625508,4.5272466,5.6718246
SCC25_UPPER_AERODIGESTIVE_TRACT,5.5299342,5.9716623,6.0607037,5.3214019,5.9741796,6.321946,6.1615655
SCC4_UPPER_AERODIGESTIVE_TRACT,5.9575479,6.0973012,5.9806901,5.9194155,5.5140932,6.2542884,6.0390966
SCC9_UPPER_AERODIGESTIVE_TRACT,5.8017439,5.9901832,5.9684234,6.0580471,5.7443456,5.9393661,5.8722887
SH10TC_STOMACH,5.987599,5.8279775,6.0003965,6.2015395,6.0581307,6.1541758,5.9877236
SH4_SKIN,5.9389203,6.2538041,6.2866295,5.1676682,5.471456,6.5284326,6.3399386
SKCO1_LARGE_INTESTINE,5.7266429,5.7105664,6.0099092,5.6066615,5.7459897,6.0794117,5.851389
SKHEP1_LIVER,5.807476,5.9733009,6.2039702,6.2160498,5.860085,6.2932307,6.0551824
SKLU1_LUNG,5.6948138,5.4854102,6.1460956,5.0833633,5.3768916,6.2183674,5.995353
SKMEL1_SKIN,6.0380273,5.8751342,5.8082747,5.1589937,5.5179579,5.9617971,5.5214712
SKMEL24_SKIN,5.7867312,5.678831,6.0143008,5.8011513,5.9051694,6.1493025,5.8776981
SKMEL28_SKIN,6.1888483,6.0556457,5.8760496,5.590913,5.8229361,6.350775,6.0449728
SKMEL3_SKIN,6.3856436,5.9251099,5.5772775,5.9617369,6.1252337,5.5989747,5.7427001
SKMEL30_SKIN,6.0601482,5.8227063,5.9674964,6.1788312,5.9418885,5.7996236,5.87978
SKMEL31_SKIN,5.9326962,5.8585604,5.923556,5.5311748,6.0124349,6.071487,5.8479846
SKMEL5_SKIN,6.1845267,5.8600773,5.9253984,6.0106048,5.9083833,5.6519631,5.7401361
SKMES1_LUNG,5.5814092,6.1014789,6.2681249,4.5304485,5.3316919,6.2883764,6.3554221
SKOV3_OVARY,5.9000835,5.6445946,5.4023985,6.1868823,6.0802929,4.996014,6.0928312
SNU1_STOMACH,6.4144551,6.0997109,6.1010406,6.1076506,5.8533637,5.7885447,5.6658116
SNU1033_LARGE_INTESTINE,5.8320347,5.6929741,4.7874294,6.6109344,6.0657412,4.8583806,6.0759053
SNU1041_UPPER_AERODIGESTIVE_TRACT,5.9116515,6.1700151,6.0601985,6.318543,6.2788587,5.8511307,5.9524924
SNU1066_UPPER_AERODIGESTIVE_TRACT,5.7725579,5.9952225,6.0493383,6.2271126,6.2801058,5.3360443,5.9692701
SNU1076_UPPER_AERODIGESTIVE_TRACT,5.7621805,6.1652729,6.4249847,5.4197439,5.6415339,6.3719786,6.2267372
SNU119_OVARY,5.6280156,5.9830972,6.1128648,6.2002858,5.617562,5.852833,5.7565629
SNU1272_KIDNEY,6.6114463,6.0451055,5.9629709,6.0370238,5.5992592,5.9669858,5.9414285
SNU16_STOMACH,5.6487377,5.5727668,3.9449192,6.0939322,5.4097265,5.6290278,5.3768138
SNU175_LARGE_INTESTINE,5.4291635,5.2458081,6.0927188,6.0390167,6.4005672,5.3763673,5.4042249
SNU182_LIVER,5.6389677,5.8710185,5.999971,6.0235132,6.417086,5.9059926,5.9039639
SNU213_PANCREAS,5.784747,6.1451169,6.2472311,6.0662403,6.1489632,5.8649915,5.9082472
SNU216_STOMACH,5.4637695,5.5298597,6.0311564,6.110063,6.1070691,5.8845045,5.8551943
SNU387_LIVER,5.641493,5.1840289,4.7523157,4.949622,5.0647429,4.6423766,4.4636258
SNU398_LIVER,6.0689348,5.8617714,5.3392616,5.695266,5.2082748,5.4989348,5.289779
SNU407_LARGE_INTESTINE,5.8383009,5.7498575,6.2834441,6.1958765,6.1987895,5.8463024,5.9425439
SNU410_PANCREAS,5.5274233,5.7036719,6.1516545,6.1499102,5.9972257,5.9364582,6.0617239
SNU423_LIVER,6.0189778,5.9038695,6.0492171,6.1165789,5.9467233,5.9594074,5.9933258
SNU449_LIVER,5.8895837,6.0318666,5.9567659,6.126899,5.8839763,5.8830068,5.9238423
SNU46_UPPER_AERODIGESTIVE_TRACT,5.397702,5.9820529,5.8506844,6.0639947,6.0156276,5.3191432,5.7422142
SNU475_LIVER,5.7548331,5.9066327,5.823797,6.1197515,5.9732346,5.9332327,5.9666687
SNU503_LARGE_INTESTINE,5.6564266,6.0228217,5.7969195,6.0458276,5.6088193,5.8860608,5.87742
SNU601_STOMACH,6.5965885,5.9308908,6.273926,6.0915406,6.220999,5.6850796,5.7881014
SNU61_LARGE_INTESTINE,5.8286773,5.7656806,6.3121968,6.1271456,6.3854942,5.9434905,5.9942474
SNU620_STOMACH,5.8215991,5.798852,6.0056863,6.3473164,6.1325448,5.2112318,5.4937348
SNU668_STOMACH,5.5702255,5.4557685,6.148932,6.0578186,6.4902709,5.8202817,5.859678
SNU719_STOMACH,6.0006104,5.9178646,6.2805937,6.1085023,6.2932696,5.8538429,5.8561457
SNU8_OVARY,5.8321074,5.9311378,5.8279952,6.1323858,6.3717525,5.5409217,5.756558
SNU840_OVARY,6.0049867,5.8336079,5.9734529,6.1921621,6.3947085,5.8691519,5.7919179
SNU886_LIVER,6.4416311,5.888121,5.9010961,6.0500401,5.7444376,5.8721872,5.9009835
SNU899_UPPER_AERODIGESTIVE_TRACT,5.9879125,5.8839763,6.0912427,6.1739184,6.0155765,5.9214999,5.9233168
SNUC1_LARGE_INTESTINE,5.9281352,5.8850463,5.4372417,5.7514283,5.9056124,5.262818,5.1770165
SNUC2A_LARGE_INTESTINE,5.6117511,5.6781133,6.1922863,5.3048276,6.1006716,6.0563398,5.9586114
SNUC4_LARGE_INTESTINE,5.6913049,5.8774654,6.0618253,6.1478159,6.2441757,5.8966512,5.9590007
SNUC5_LARGE_INTESTINE,5.6242354,6.0358791,6.2982492,4.9449475,5.4433691,6.4984783,6.3084759
SQ1_LUNG,5.669989,6.1887657,4.5955153,5.9852695,5.8339175,5.8190258,5.9716147
SU8686_PANCREAS,5.6664256,6.1274951,4.5924736,6.4663499,5.8943991,5.4945791,5.8929721
SUIT2_PANCREAS,5.8392779,5.8138281,5.8294524,6.1643868,6.0318866,5.4774682,5.6462918
SW1417_LARGE_INTESTINE,5.3582714,5.4540661,6.0131433,6.6823209,6.0662892,6.3187737,6.5369607
SW1990_PANCREAS,5.6062869,6.1205753,6.0451216,6.5819166,6.2353349,5.9165514,6.2025675
SW48_LARGE_INTESTINE,5.4574299,5.480578,6.1345516,6.6949811,5.6845816,6.3370502,6.5826898
SW620_LARGE_INTESTINE,5.955853,5.9445602,6.1868521,5.0412005,6.0493451,6.1813118,6.0988213
SW948_LARGE_INTESTINE,5.753953,5.3123281,6.0194876,6.9291323,6.2065902,6.423196,6.6674333
T47D_BREAST,6.0625927,5.8237887,5.8913218,6.1210527,5.8321468,5.68522,5.7429027
T84_LARGE_INTESTINE,6.319035,5.8162401,6.4551518,5.5604038,6.300923,6.1627306,6.0735032
TCCPAN2_PANCREAS,5.326463,5.1348663,5.9395608,6.2711992,6.8460142,5.8821816,5.890802
TE1_OESOPHAGUS,5.5185417,5.6798092,6.0877612,6.2481044,6.5480697,5.829934,5.8427214
TE10_OESOPHAGUS,5.7030458,6.2619999,6.0129397,6.3817251,6.444439,5.8859137,5.9313128
TE11_OESOPHAGUS,6.004664,6.1697182,5.1343038,6.4151089,5.6510562,5.8630881,6.0748509
TE14_OESOPHAGUS,5.4530993,5.7518489,6.0557184,6.2667824,5.8722518,5.9118388,6.0016992
TE15_OESOPHAGUS,6.4654521,6.119845,6.0189645,6.1985696,5.7561648,5.705513,5.8162393
TE4_OESOPHAGUS,5.7749639,5.875408,5.7128832,6.2277739,6.1004341,5.9860717,6.0777401
TE5_OESOPHAGUS,5.4703481,5.8120401,5.8857575,6.2665533,6.6704603,5.8267964,5.8477358
TE8_OESOPHAGUS,5.693431,5.9496454,5.9670914,6.1326661,6.01678,6.0121214,5.95806
TE9_OESOPHAGUS,5.8032188,6.2013301,5.9453786,6.1719311,6.0806753,5.8970904,5.9203076
TOV112D_OVARY,5.8545593,5.6668963,5.8889827,5.2078121,6.0794372,5.8364024,5.5486389
TOV21G_OVARY,6.1619162,5.9885332,5.9474581,5.303103,5.7773439,5.9985319,5.6365241
TUHR10TKB_KIDNEY,6.9690853,6.0128028,6.0227765,6.1128837,5.7982142,5.9435625,5.9783092
TUHR14TKB_KIDNEY,6.4883372,5.8121331,6.0686418,6.0536795,5.6872433,5.8666631,5.8194573
TUHR4TKB_KIDNEY,6.3879621,6.1386875,6.2042016,4.8679111,5.5900231,6.1753331,6.1797968
UACC257_SKIN,5.8005119,5.749626,5.8843808,6.1858011,6.5945338,5.6680862,5.820207
UACC62_SKIN,5.9479025,5.9925386,5.5540589,6.0543673,5.7772135,5.69856,5.7155209
UO31_KIDNEY,5.9457952,6.1127487,5.9108743,6.358675,6.0305058,5.832484,5.9247561
VMRCRCW_KIDNEY,6.5778321,5.7349972,5.7312726,5.3668005,5.7537275,5.9049324,5.5695241
VMRCRCZ_KIDNEY,6.5215088,5.7301326,5.8064173,5.5488953,5.6622672,6.0354819,5.8325483
WM115_SKIN,5.9648188,5.9070959,5.9514436,5.6586244,5.8284863,6.1187287,5.8243816
WM1799_SKIN,6.0001868,5.9318267,6.1651822,6.2671211,5.9630709,5.7469815,5.901296
WM2664_SKIN,6.2091014,6.039304,5.9910875,5.6385184,5.7311122,5.9667444,5.8471496
WM793_SKIN,5.8795088,5.8571181,5.7938274,6.0766183,6.068732,5.5852063,5.7103746
WM88_SKIN,6.2202168,5.8616571,6.1088287,6.0827877,5.942284,5.9418592,6.0201545
WM983B_SKIN,6.3686314,6.1065816,5.6403506,6.252791,5.8656021,5.8737954,5.9568384
YAPC_PANCREAS,5.8591458,5.93736,4.7539384,6.2709668,5.9947272,5.4000079,5.6447576
YD10B_UPPER_AERODIGESTIVE_TRACT,6.2394501,6.1194072,5.8302654,6.1705003,5.8183488,5.8244983,5.9306214
YD15_SALIVARY_GLAND,6.1574895,5.9452044,6.1434085,6.2658082,5.8953078,5.9336109,6.024179
YD38_UPPER_AERODIGESTIVE_TRACT,5.7757423,6.0929329,6.0791967,6.2157222,6.1078658,5.8602717,5.9965122
YD8_UPPER_AERODIGESTIVE_TRACT,5.4417701,5.6538919,5.9031088,6.0954846,6.2327857,5.8411677,5.8008055
ZR751_BREAST,5.4611047,5.9844945,6.0414666,6.1264699,5.8567852,5.4770604,5.6393065
ZR7530_BREAST,6.0507211,5.8362544,6.0667383,6.2604014,5.9300936,5.9415045,5.9192557
NCIH1395_LUNG,5.9386359,5.6105143,6.1552356,6.0306593,5.858562,5.8651552,5.9759021
NCIH1666_LUNG,6.0911016,6.0310813,5.9517639,5.200044,5.5729747,6.0832652,5.5446498
NCIH1755_LUNG,5.5662749,5.0003201,4.3868149,5.3456906,5.6334421,5.1841612,4.9734023
NCIH1975_LUNG,6.0114521,5.8247451,5.9684965,6.176577,6.2183963,5.7336247,5.778626
NCIH2087_LUNG,5.5876591,5.9760549,5.9761439,5.1010869,6.0542844,6.0305866,6.087022
NCIH2122_LUNG,5.518677,5.9526127,5.8167028,5.8901695,5.9200065,5.8694938,5.9536008
NCIH23_LUNG,5.7109849,6.0010243,6.0113496,6.0580883,5.9050121,5.7087613,5.8461154
NCIH358_LUNG,6.3867051,6.2632989,5.478087,5.9704684,5.7811235,5.8383541,5.8627343
NCIH441_LUNG,5.8757983,5.975479,5.7216734,6.1200542,6.0166747,5.8121158,5.9656034
NCIH508_LARGE_INTESTINE,5.9435943,6.067672,4.4575475,6.1275686,5.7463449,5.2545012,5.2150022
NCIN87_STOMACH,5.6890253,5.6323096,5.1409944,6.2276439,5.922592,5.5196941,5.5862826
NCIH226_LUNG,6.1029942,5.7962681,5.8573559,6.190682,6.1267804,5.5474908,5.749296
NCIH322_LUNG,5.5604244,5.8894495,5.964613,6.2283661,6.0139322,5.73822,5.598219
NCIH520_LUNG,6.5013818,6.0384036,5.9562477,6.2334961,5.7996862,5.8615226,6.0276428
NCIH522_LUNG,5.6744995,6.0281017,6.0083399,6.0930131,5.8783304,5.8779481,5.9436963
NCIH647_LUNG,6.3319708,5.8551643,5.8737054,6.2932483,5.7395643,5.7577067,5.8773561
NCIH650_LUNG,5.9286112,5.9941378,6.2784302,5.3807891,5.7719027,6.3313822,6.1649696
NCIH716_LARGE_INTESTINE,5.6718356,5.7313354,5.9412617,6.0697665,6.2096091,5.722321,5.5069215
NCIH747_LARGE_INTESTINE,5.7350073,5.6757769,5.9410963,5.9429245,5.9852138,5.7971243,5.8090558
NCIH838_LUNG,6.4105807,6.1297959,5.8377784,5.9087428,6.0497475,5.6446562,5.7093224
NCIH1355_LUNG,5.534196,5.7243973,6.2587823,5.3802533,5.8053125,5.9421152,5.8663837
NCIH1373_LUNG,5.7808326,6.0928453,5.6358584,6.084843,5.9260124,6.1304255,6.1107076
NCIH1385_LUNG,5.8270184,5.7047955,6.2512014,5.8907548,5.718522,5.7072264,5.6620952
NCIH1435_LUNG,6.4861111,5.9286983,5.6323131,6.0979734,5.5493582,5.6740017,5.6730491
NCIH1563_LUNG,5.8354925,5.7429997,6.1238351,5.936361,5.9625639,5.9960534,6.0740896
NCIH1568_LUNG,6.1161506,5.9853571,6.1507003,6.025457,5.9123629,5.9549053,6.0144832
NCIH1573_LUNG,6.0973191,5.9311607,5.7890818,5.3094933,5.3837175,5.8205144,5.7679097
NCIH1623_LUNG,5.7386112,5.7394501,5.9007016,6.1003619,5.88889,6.0156684,5.9111208
NCIH1650_LUNG,6.2173452,5.8490019,5.9704004,5.8781558,5.9579416,5.9237272,5.7734945
NCIH1651_LUNG,5.6943842,5.7836876,6.078159,5.1839606,6.521087,6.1207194,6.0347209
NCIH1693_LUNG,5.495329,5.6718493,5.9546329,6.3088724,6.2377141,6.0107841,5.9497377
NCIH1703_LUNG,5.7648137,5.4818164,5.7996238,5.8779933,5.6744534,5.7149072,5.6643275
NCIH1734_LUNG,5.6586349,5.834623,6.0151752,5.9988958,6.0249425,6.0593164,6.0282047
NCIH1792_LUNG,5.6632878,5.8572829,6.0299916,6.0011756,6.0024466,5.9052239,5.9519271
NCIH1793_LUNG,5.9356844,5.8447515,6.0431843,5.0258332,5.3135369,6.1152426,5.9542423
NCIH1838_LUNG,5.7133705,5.7756046,5.9123967,5.9129272,5.7962445,5.8845931,5.8489652
NCIH1869_LUNG,6.0771228,5.925105,5.7145245,6.2702133,5.9775889,5.8944753,6.061178
NCIH1944_LUNG,5.9506259,5.5422845,5.5969544,6.218181,5.8867075,5.815073,5.8882002
NCIH2009_LUNG,5.8306632,6.0595743,6.2695903,5.2985153,5.6361225,5.8934592,5.8818841
NCIH2023_LUNG,5.8245679,5.5797606,6.1051774,5.3081232,5.9575111,5.996842,5.8399629
NCIH2030_LUNG,5.7919044,6.3963667,5.7645481,6.1091872,5.9133425,5.9833934,6.0476169
NCIH2085_LUNG,6.0494837,5.7309398,6.4283253,5.1575107,5.6104299,6.1044224,6.106211
NCIH2126_LUNG,5.4863487,6.0191506,6.436826,5.6305612,5.9140765,6.1341072,6.0282704
NCIH2170_LUNG,5.748792,5.8667049,5.1092821,6.2325953,5.9136789,5.6440046,5.6799946
NCIH2228_LUNG,5.5949633,5.6476055,5.8510157,6.1347896,6.0086643,5.347559,5.839453
NCIH2291_LUNG,5.46753,5.6494333,5.0464561,5.3801184,6.0675649,5.1341231,4.9736566
NCIH2342_LUNG,5.6610051,5.6295487,6.3646965,5.0665325,6.2741396,6.3870103,6.2875365
NCIH2405_LUNG,5.8839763,5.9255009,6.2634245,6.1151297,6.383364,5.7932852,5.8003977
